reward,length,timestamp,algo,env,reward_smooth
22.0,22,1757605283.4433234,A2C,CartPole-v1,22.0
21.0,21,1757605283.4617236,A2C,CartPole-v1,21.5
38.0,38,1757605283.4968998,A2C,CartPole-v1,27.0
38.0,38,1757605283.5295658,A2C,CartPole-v1,29.75
42.0,42,1757605283.5676064,A2C,CartPole-v1,32.2
19.0,19,1757605283.5828502,A2C,CartPole-v1,30.0
37.0,37,1757605283.6168025,A2C,CartPole-v1,31.0
28.0,28,1757605283.639389,A2C,CartPole-v1,30.625
28.0,28,1757605283.663747,A2C,CartPole-v1,30.333333333333332
44.0,44,1757605283.70093,A2C,CartPole-v1,31.7
12.0,12,1757605283.7101812,A2C,CartPole-v1,30.7
28.0,28,1757605283.734795,A2C,CartPole-v1,31.4
15.0,15,1757605283.7473078,A2C,CartPole-v1,29.1
49.0,49,1757605283.789522,A2C,CartPole-v1,30.2
19.0,19,1757605283.8050852,A2C,CartPole-v1,27.9
15.0,15,1757605283.818386,A2C,CartPole-v1,27.5
19.0,19,1757605283.8372774,A2C,CartPole-v1,25.7
30.0,30,1757605283.8634255,A2C,CartPole-v1,25.9
10.0,10,1757605283.8716128,A2C,CartPole-v1,24.1
18.0,18,1757605283.8886566,A2C,CartPole-v1,21.5
27.0,27,1757605283.9106164,A2C,CartPole-v1,23.0
11.0,11,1757605283.919104,A2C,CartPole-v1,21.3
45.0,45,1757605283.9577217,A2C,CartPole-v1,24.3
28.0,28,1757605283.9836,A2C,CartPole-v1,22.2
29.0,29,1757605284.0095708,A2C,CartPole-v1,23.2
52.0,52,1757605284.057223,A2C,CartPole-v1,26.9
15.0,15,1757605284.0701354,A2C,CartPole-v1,26.5
26.0,26,1757605284.091642,A2C,CartPole-v1,26.1
23.0,23,1757605284.1123958,A2C,CartPole-v1,27.4
15.0,15,1757605284.1257164,A2C,CartPole-v1,27.1
52.0,52,1757605284.17087,A2C,CartPole-v1,29.6
53.0,53,1757605284.2162464,A2C,CartPole-v1,33.8
52.0,52,1757605284.2583566,A2C,CartPole-v1,34.5
29.0,29,1757605284.2840872,A2C,CartPole-v1,34.6
24.0,24,1757605284.3059275,A2C,CartPole-v1,34.1
41.0,41,1757605284.340693,A2C,CartPole-v1,33.0
25.0,25,1757605284.361799,A2C,CartPole-v1,34.0
35.0,35,1757605284.3916354,A2C,CartPole-v1,34.9
53.0,53,1757605284.4377468,A2C,CartPole-v1,37.9
22.0,22,1757605284.4555063,A2C,CartPole-v1,38.6
21.0,21,1757605284.4725602,A2C,CartPole-v1,35.5
40.0,40,1757605284.5067234,A2C,CartPole-v1,34.2
40.0,40,1757605284.5416002,A2C,CartPole-v1,33.0
18.0,18,1757605284.5576725,A2C,CartPole-v1,31.9
48.0,48,1757605284.602928,A2C,CartPole-v1,34.3
33.0,33,1757605284.6307752,A2C,CartPole-v1,33.5
57.0,57,1757605284.6788025,A2C,CartPole-v1,36.7
92.0,92,1757605284.7586515,A2C,CartPole-v1,42.4
25.0,25,1757605284.779952,A2C,CartPole-v1,39.6
30.0,30,1757605284.806763,A2C,CartPole-v1,40.4
56.0,56,1757605284.854039,A2C,CartPole-v1,43.9
50.0,50,1757605284.896218,A2C,CartPole-v1,44.9
34.0,34,1757605284.926684,A2C,CartPole-v1,44.3
46.0,46,1757605284.966358,A2C,CartPole-v1,47.1
62.0,62,1757605285.021019,A2C,CartPole-v1,48.5
37.0,37,1757605285.0516777,A2C,CartPole-v1,48.9
24.0,24,1757605285.073545,A2C,CartPole-v1,45.6
38.0,38,1757605285.1055744,A2C,CartPole-v1,40.2
29.0,29,1757605285.1314166,A2C,CartPole-v1,40.6
34.0,34,1757605285.161789,A2C,CartPole-v1,41.0
41.0,41,1757605285.1985643,A2C,CartPole-v1,39.5
67.0,67,1757605285.2591088,A2C,CartPole-v1,41.2
54.0,54,1757605285.3051906,A2C,CartPole-v1,43.2
155.0,155,1757605285.442596,A2C,CartPole-v1,54.1
35.0,35,1757605285.4742355,A2C,CartPole-v1,51.4
45.0,45,1757605285.5142992,A2C,CartPole-v1,52.2
80.0,80,1757605285.5838804,A2C,CartPole-v1,57.8
71.0,71,1757605285.6490324,A2C,CartPole-v1,61.1
85.0,85,1757605285.719243,A2C,CartPole-v1,66.7
36.0,36,1757605285.7516084,A2C,CartPole-v1,66.9
67.0,67,1757605285.8073163,A2C,CartPole-v1,69.5
40.0,40,1757605285.841452,A2C,CartPole-v1,66.8
35.0,35,1757605285.8728848,A2C,CartPole-v1,64.9
42.0,42,1757605285.9105036,A2C,CartPole-v1,53.6
87.0,87,1757605285.987037,A2C,CartPole-v1,58.8
63.0,63,1757605286.0422118,A2C,CartPole-v1,60.6
66.0,66,1757605286.0988526,A2C,CartPole-v1,59.2
26.0,26,1757605286.121178,A2C,CartPole-v1,54.7
40.0,40,1757605286.1553946,A2C,CartPole-v1,50.2
19.0,19,1757605286.1720684,A2C,CartPole-v1,48.5
42.0,42,1757605286.207647,A2C,CartPole-v1,46.0
20.0,20,1757605286.2244124,A2C,CartPole-v1,44.0
55.0,55,1757605286.2723994,A2C,CartPole-v1,46.0
34.0,34,1757605286.3028786,A2C,CartPole-v1,45.2
48.0,48,1757605286.3441584,A2C,CartPole-v1,41.3
30.0,30,1757605286.3697462,A2C,CartPole-v1,38.0
27.0,27,1757605286.3917773,A2C,CartPole-v1,34.1
58.0,58,1757605286.442518,A2C,CartPole-v1,37.3
56.0,56,1757605286.49383,A2C,CartPole-v1,38.9
60.0,60,1757605286.544345,A2C,CartPole-v1,43.0
105.0,105,1757605286.652333,A2C,CartPole-v1,49.3
65.0,65,1757605286.7178206,A2C,CartPole-v1,53.8
48.0,48,1757605286.7592137,A2C,CartPole-v1,53.1
33.0,33,1757605286.7915003,A2C,CartPole-v1,53.0
41.0,41,1757605286.829475,A2C,CartPole-v1,52.3
79.0,79,1757605286.903799,A2C,CartPole-v1,57.2
31.0,31,1757605286.9325922,A2C,CartPole-v1,57.6
41.0,41,1757605286.9709263,A2C,CartPole-v1,55.9
87.0,87,1757605287.0500386,A2C,CartPole-v1,59.0
69.0,69,1757605287.1120408,A2C,CartPole-v1,59.9
49.0,49,1757605287.1529543,A2C,CartPole-v1,54.3
33.0,33,1757605287.1822486,A2C,CartPole-v1,51.1
25.0,25,1757605287.2039068,A2C,CartPole-v1,48.8
44.0,44,1757605287.2429316,A2C,CartPole-v1,49.9
26.0,26,1757605287.2643433,A2C,CartPole-v1,48.4
59.0,59,1757605287.3176007,A2C,CartPole-v1,46.4
74.0,74,1757605287.385836,A2C,CartPole-v1,50.7
45.0,45,1757605287.4273152,A2C,CartPole-v1,51.1
148.0,148,1757605287.55591,A2C,CartPole-v1,57.2
28.0,28,1757605287.5809224,A2C,CartPole-v1,53.1
30.0,30,1757605287.6064675,A2C,CartPole-v1,51.2
55.0,55,1757605287.6536524,A2C,CartPole-v1,53.4
32.0,32,1757605287.6790226,A2C,CartPole-v1,54.1
52.0,52,1757605287.7228827,A2C,CartPole-v1,54.9
66.0,66,1757605287.778194,A2C,CartPole-v1,58.9
127.0,127,1757605287.8861609,A2C,CartPole-v1,65.7
147.0,147,1757605288.014014,A2C,CartPole-v1,73.0
96.0,96,1757605288.0950935,A2C,CartPole-v1,78.1
205.0,205,1757605288.2689488,A2C,CartPole-v1,83.8
41.0,41,1757605288.302699,A2C,CartPole-v1,85.1
50.0,50,1757605288.3459144,A2C,CartPole-v1,87.1
86.0,86,1757605288.4160056,A2C,CartPole-v1,90.2
45.0,45,1757605288.453694,A2C,CartPole-v1,91.5
165.0,165,1757605288.5915134,A2C,CartPole-v1,102.8
121.0,121,1757605288.6939838,A2C,CartPole-v1,108.3
165.0,165,1757605288.8321693,A2C,CartPole-v1,112.1
121.0,121,1757605288.9348068,A2C,CartPole-v1,109.5
135.0,135,1757605289.0501738,A2C,CartPole-v1,113.4
122.0,122,1757605289.153962,A2C,CartPole-v1,105.1
112.0,112,1757605289.2458248,A2C,CartPole-v1,112.2
163.0,163,1757605289.3844311,A2C,CartPole-v1,123.5
181.0,181,1757605289.5377162,A2C,CartPole-v1,133.0
205.0,205,1757605289.7076154,A2C,CartPole-v1,149.0
73.0,73,1757605289.7690334,A2C,CartPole-v1,139.8
169.0,169,1757605289.911433,A2C,CartPole-v1,144.6
143.0,143,1757605290.0302596,A2C,CartPole-v1,142.4
83.0,83,1757605290.1818926,A2C,CartPole-v1,138.6
500.0,500,1757605290.6033068,A2C,CartPole-v1,175.1
121.0,121,1757605290.7070434,A2C,CartPole-v1,175.0
62.0,62,1757605290.7586048,A2C,CartPole-v1,170.0
97.0,97,1757605290.842358,A2C,CartPole-v1,163.4
113.0,113,1757605290.941667,A2C,CartPole-v1,156.6
144.0,144,1757605291.0752506,A2C,CartPole-v1,150.5
137.0,137,1757605291.2164516,A2C,CartPole-v1,156.9
201.0,201,1757605291.40816,A2C,CartPole-v1,160.1
139.0,139,1757605291.5376318,A2C,CartPole-v1,159.7
175.0,175,1757605291.7079022,A2C,CartPole-v1,168.9
83.0,83,1757605291.7961998,A2C,CartPole-v1,127.2
184.0,184,1757605291.97037,A2C,CartPole-v1,133.5
183.0,183,1757605292.1369915,A2C,CartPole-v1,145.6
123.0,123,1757605292.2489684,A2C,CartPole-v1,148.2
219.0,219,1757605292.4402306,A2C,CartPole-v1,158.8
144.0,144,1757605292.5592566,A2C,CartPole-v1,158.8
362.0,362,1757605292.876184,A2C,CartPole-v1,181.3
139.0,139,1757605292.999239,A2C,CartPole-v1,175.1
144.0,144,1757605293.124816,A2C,CartPole-v1,175.6
124.0,124,1757605293.2318354,A2C,CartPole-v1,170.5
140.0,140,1757605293.3495326,A2C,CartPole-v1,176.2
123.0,123,1757605293.4550223,A2C,CartPole-v1,170.1
146.0,146,1757605293.581699,A2C,CartPole-v1,166.4
190.0,190,1757605293.7501633,A2C,CartPole-v1,173.1
265.0,265,1757605293.98426,A2C,CartPole-v1,177.7
249.0,249,1757605294.210623,A2C,CartPole-v1,188.2
148.0,148,1757605294.3376465,A2C,CartPole-v1,166.8
211.0,211,1757605294.5205133,A2C,CartPole-v1,174.0
134.0,134,1757605294.6373124,A2C,CartPole-v1,173.0
167.0,167,1757605294.7788894,A2C,CartPole-v1,177.3
131.0,131,1757605294.8899257,A2C,CartPole-v1,176.4
205.0,205,1757605295.060676,A2C,CartPole-v1,184.6
181.0,181,1757605295.2138398,A2C,CartPole-v1,188.1
168.0,168,1757605295.3586173,A2C,CartPole-v1,185.9
390.0,390,1757605295.6881063,A2C,CartPole-v1,198.4
173.0,173,1757605295.834574,A2C,CartPole-v1,190.8
206.0,206,1757605296.014931,A2C,CartPole-v1,196.6
227.0,227,1757605296.2131538,A2C,CartPole-v1,198.2
149.0,149,1757605296.3403747,A2C,CartPole-v1,199.7
165.0,165,1757605296.4784806,A2C,CartPole-v1,199.5
477.0,477,1757605296.8843696,A2C,CartPole-v1,234.1
246.0,246,1757605297.089604,A2C,CartPole-v1,238.2
236.0,236,1757605297.2861,A2C,CartPole-v1,243.7
152.0,152,1757605297.4420867,A2C,CartPole-v1,242.1
143.0,143,1757605297.5732703,A2C,CartPole-v1,217.4
136.0,136,1757605297.6904192,A2C,CartPole-v1,213.7
191.0,191,1757605297.8599513,A2C,CartPole-v1,212.2
125.0,125,1757605297.9764102,A2C,CartPole-v1,202.0
264.0,264,1757605298.2258596,A2C,CartPole-v1,213.5
232.0,232,1757605298.4474547,A2C,CartPole-v1,220.2
110.0,110,1757605298.5531,A2C,CartPole-v1,183.5
204.0,204,1757605298.7472274,A2C,CartPole-v1,179.3
145.0,145,1757605298.8799725,A2C,CartPole-v1,170.2
120.0,120,1757605298.9888113,A2C,CartPole-v1,167.0
115.0,115,1757605299.091611,A2C,CartPole-v1,164.2
124.0,124,1757605299.2038784,A2C,CartPole-v1,163.0
109.0,109,1757605299.300047,A2C,CartPole-v1,154.8
147.0,147,1757605299.4474173,A2C,CartPole-v1,157.0
145.0,145,1757605299.5978684,A2C,CartPole-v1,145.1
167.0,167,1757605299.7605824,A2C,CartPole-v1,138.6
162.0,162,1757605299.9040885,A2C,CartPole-v1,143.8
109.0,109,1757605300.0055232,A2C,CartPole-v1,134.3
170.0,170,1757605300.1622684,A2C,CartPole-v1,136.8
156.0,156,1757605300.2989304,A2C,CartPole-v1,140.4
166.0,166,1757605300.4466605,A2C,CartPole-v1,145.5
147.0,147,1757605300.576798,A2C,CartPole-v1,147.8
220.0,220,1757605300.7714503,A2C,CartPole-v1,158.9
134.0,134,1757605300.8936353,A2C,CartPole-v1,157.6
125.0,125,1757605301.0100808,A2C,CartPole-v1,155.6
137.0,137,1757605301.1317098,A2C,CartPole-v1,152.6
67.0,67,1757605301.192271,A2C,CartPole-v1,143.1
39.0,39,1757605301.229081,A2C,CartPole-v1,136.1
46.0,46,1757605301.2707837,A2C,CartPole-v1,123.7
121.0,121,1757605301.381702,A2C,CartPole-v1,120.2
131.0,131,1757605301.502446,A2C,CartPole-v1,116.7
130.0,130,1757605301.6272502,A2C,CartPole-v1,115.0
127.0,127,1757605301.756006,A2C,CartPole-v1,105.7
132.0,132,1757605301.871379,A2C,CartPole-v1,105.5
32.0,32,1757605301.898241,A2C,CartPole-v1,96.2
137.0,137,1757605302.0154274,A2C,CartPole-v1,96.2
83.0,83,1757605302.0903618,A2C,CartPole-v1,97.8
181.0,181,1757605302.2467632,A2C,CartPole-v1,112.0
158.0,158,1757605302.3798258,A2C,CartPole-v1,123.2
131.0,131,1757605302.4881,A2C,CartPole-v1,124.2
112.0,112,1757605302.5833826,A2C,CartPole-v1,122.3
104.0,104,1757605302.677284,A2C,CartPole-v1,119.7
108.0,108,1757605302.772601,A2C,CartPole-v1,117.8
170.0,170,1757605302.9200692,A2C,CartPole-v1,121.6
132.0,132,1757605303.037767,A2C,CartPole-v1,131.6
179.0,179,1757605303.1994534,A2C,CartPole-v1,135.8
206.0,206,1757605303.3866477,A2C,CartPole-v1,148.1
200.0,200,1757605303.5666485,A2C,CartPole-v1,150.0
178.0,178,1757605303.7210283,A2C,CartPole-v1,152.0
264.0,264,1757605303.9450748,A2C,CartPole-v1,165.3
135.0,135,1757605304.0659015,A2C,CartPole-v1,167.6
76.0,76,1757605304.1556177,A2C,CartPole-v1,164.8
127.0,127,1757605304.2695,A2C,CartPole-v1,166.7
124.0,124,1757605304.3972042,A2C,CartPole-v1,162.1
193.0,193,1757605304.572583,A2C,CartPole-v1,168.2
205.0,205,1757605304.765593,A2C,CartPole-v1,170.8
271.0,271,1757605305.0137007,A2C,CartPole-v1,177.3
149.0,149,1757605305.1443813,A2C,CartPole-v1,172.2
29.0,29,1757605305.1688323,A2C,CartPole-v1,157.3
121.0,121,1757605305.277809,A2C,CartPole-v1,143.0
135.0,135,1757605305.3963149,A2C,CartPole-v1,143.0
229.0,229,1757605305.5871904,A2C,CartPole-v1,158.3
140.0,140,1757605305.7105906,A2C,CartPole-v1,159.6
179.0,179,1757605305.8879917,A2C,CartPole-v1,165.1
220.0,220,1757605306.102733,A2C,CartPole-v1,167.8
155.0,155,1757605306.2529545,A2C,CartPole-v1,162.8
166.0,166,1757605306.4002,A2C,CartPole-v1,152.3
116.0,116,1757605306.4997911,A2C,CartPole-v1,149.0
129.0,129,1757605306.6166725,A2C,CartPole-v1,159.0
108.0,108,1757605306.7076166,A2C,CartPole-v1,157.7
64.0,64,1757605306.7614963,A2C,CartPole-v1,150.6
152.0,152,1757605306.9005058,A2C,CartPole-v1,142.9
349.0,349,1757605307.2089925,A2C,CartPole-v1,163.8
204.0,204,1757605307.3981347,A2C,CartPole-v1,166.3
178.0,178,1757605307.5565932,A2C,CartPole-v1,162.1
313.0,313,1757605307.8363264,A2C,CartPole-v1,177.9
219.0,219,1757605308.0579138,A2C,CartPole-v1,183.2
161.0,161,1757605308.2083223,A2C,CartPole-v1,187.7
177.0,177,1757605308.3664007,A2C,CartPole-v1,192.5
142.0,142,1757605308.497743,A2C,CartPole-v1,195.9
177.0,177,1757605308.656676,A2C,CartPole-v1,207.2
137.0,137,1757605308.785107,A2C,CartPole-v1,205.7
216.0,216,1757605308.980097,A2C,CartPole-v1,192.4
199.0,199,1757605309.1601093,A2C,CartPole-v1,191.9
135.0,135,1757605309.2778127,A2C,CartPole-v1,187.6
29.0,29,1757605309.3002944,A2C,CartPole-v1,159.2
109.0,109,1757605309.3928206,A2C,CartPole-v1,148.2
147.0,147,1757605309.52158,A2C,CartPole-v1,146.8
91.0,91,1757605309.5986817,A2C,CartPole-v1,138.2
144.0,144,1757605309.7282565,A2C,CartPole-v1,138.4
106.0,106,1757605309.8198545,A2C,CartPole-v1,131.3
30.0,30,1757605309.8455973,A2C,CartPole-v1,120.6
79.0,79,1757605309.914505,A2C,CartPole-v1,106.9
66.0,66,1757605309.9710574,A2C,CartPole-v1,93.6
30.0,30,1757605309.9958093,A2C,CartPole-v1,83.1
14.0,14,1757605310.0079808,A2C,CartPole-v1,81.6
27.0,27,1757605310.0292215,A2C,CartPole-v1,73.4
69.0,69,1757605310.0865085,A2C,CartPole-v1,65.6
18.0,18,1757605310.0997555,A2C,CartPole-v1,58.3
34.0,34,1757605310.1278956,A2C,CartPole-v1,47.3
47.0,47,1757605310.1702602,A2C,CartPole-v1,41.4
26.0,26,1757605310.1920593,A2C,CartPole-v1,41.0
21.0,21,1757605310.2089531,A2C,CartPole-v1,35.2
97.0,97,1757605310.2910912,A2C,CartPole-v1,38.3
76.0,76,1757605310.3595502,A2C,CartPole-v1,42.9
29.0,29,1757605310.38219,A2C,CartPole-v1,44.4
17.0,17,1757605310.3979373,A2C,CartPole-v1,43.4
34.0,34,1757605310.4271762,A2C,CartPole-v1,39.9
58.0,58,1757605310.4754822,A2C,CartPole-v1,43.9
35.0,35,1757605310.5042758,A2C,CartPole-v1,44.0
40.0,40,1757605310.537792,A2C,CartPole-v1,43.3
66.0,66,1757605310.5931945,A2C,CartPole-v1,47.3
157.0,157,1757605310.724826,A2C,CartPole-v1,60.9
22.0,22,1757605310.742486,A2C,CartPole-v1,53.4
53.0,53,1757605310.7881465,A2C,CartPole-v1,51.1
99.0,99,1757605310.871375,A2C,CartPole-v1,58.1
72.0,72,1757605310.932829,A2C,CartPole-v1,63.6
72.0,72,1757605310.994274,A2C,CartPole-v1,67.4
17.0,17,1757605311.0116255,A2C,CartPole-v1,63.3
20.0,20,1757605311.0291903,A2C,CartPole-v1,61.8
82.0,82,1757605311.096594,A2C,CartPole-v1,66.0
18.0,18,1757605311.112035,A2C,CartPole-v1,61.2
56.0,56,1757605311.158194,A2C,CartPole-v1,51.1
64.0,64,1757605311.2220953,A2C,CartPole-v1,55.3
59.0,59,1757605311.2753758,A2C,CartPole-v1,55.9
44.0,44,1757605311.313637,A2C,CartPole-v1,50.4
15.0,15,1757605311.3272552,A2C,CartPole-v1,44.7
105.0,105,1757605311.4198906,A2C,CartPole-v1,48.0
32.0,32,1757605311.4501128,A2C,CartPole-v1,49.5
111.0,111,1757605311.5601983,A2C,CartPole-v1,58.6
117.0,117,1757605311.6592498,A2C,CartPole-v1,62.1
85.0,85,1757605311.7321954,A2C,CartPole-v1,68.8
61.0,61,1757605311.7881055,A2C,CartPole-v1,69.3
66.0,66,1757605311.8509743,A2C,CartPole-v1,69.5
165.0,165,1757605312.0007052,A2C,CartPole-v1,80.1
163.0,163,1757605312.1521237,A2C,CartPole-v1,92.0
74.0,74,1757605312.219865,A2C,CartPole-v1,97.9
139.0,139,1757605312.348707,A2C,CartPole-v1,101.3
147.0,147,1757605312.4866874,A2C,CartPole-v1,112.8
229.0,229,1757605312.6968,A2C,CartPole-v1,124.6
123.0,123,1757605312.809876,A2C,CartPole-v1,125.2
34.0,34,1757605312.844198,A2C,CartPole-v1,120.1
67.0,67,1757605312.910128,A2C,CartPole-v1,120.7
102.0,102,1757605313.0084505,A2C,CartPole-v1,124.3
120.0,120,1757605313.1255815,A2C,CartPole-v1,119.8
172.0,172,1757605313.2967978,A2C,CartPole-v1,120.7
126.0,126,1757605313.416371,A2C,CartPole-v1,125.9
168.0,168,1757605313.5752351,A2C,CartPole-v1,128.8
65.0,65,1757605313.629675,A2C,CartPole-v1,120.6
80.0,80,1757605313.705494,A2C,CartPole-v1,105.7
74.0,74,1757605313.7713566,A2C,CartPole-v1,100.8
59.0,59,1757605313.8262024,A2C,CartPole-v1,103.3
101.0,101,1757605313.9176545,A2C,CartPole-v1,106.7
56.0,56,1757605313.9692135,A2C,CartPole-v1,102.1
57.0,57,1757605314.0185022,A2C,CartPole-v1,95.8
81.0,81,1757605314.0901556,A2C,CartPole-v1,86.7
66.0,66,1757605314.1496477,A2C,CartPole-v1,80.7
52.0,52,1757605314.201182,A2C,CartPole-v1,69.1
58.0,58,1757605314.2540622,A2C,CartPole-v1,68.4
60.0,60,1757605314.3099062,A2C,CartPole-v1,66.4
80.0,80,1757605314.3836834,A2C,CartPole-v1,67.0
80.0,80,1757605314.455243,A2C,CartPole-v1,69.1
26.0,26,1757605314.4811175,A2C,CartPole-v1,61.6
43.0,43,1757605314.516274,A2C,CartPole-v1,60.3
39.0,39,1757605314.551311,A2C,CartPole-v1,58.5
45.0,45,1757605314.5916705,A2C,CartPole-v1,54.9
56.0,56,1757605314.643663,A2C,CartPole-v1,53.9
53.0,53,1757605314.6927545,A2C,CartPole-v1,54.0
54.0,54,1757605314.7430744,A2C,CartPole-v1,53.6
82.0,82,1757605314.820861,A2C,CartPole-v1,55.8
63.0,63,1757605314.8815088,A2C,CartPole-v1,54.1
49.0,49,1757605314.926222,A2C,CartPole-v1,51.0
37.0,37,1757605314.962469,A2C,CartPole-v1,52.1
41.0,41,1757605314.9963558,A2C,CartPole-v1,51.9
50.0,50,1757605315.037616,A2C,CartPole-v1,53.0
57.0,57,1757605315.0852742,A2C,CartPole-v1,54.2
73.0,73,1757605315.148208,A2C,CartPole-v1,55.9
27.0,27,1757605315.1713076,A2C,CartPole-v1,53.3
66.0,66,1757605315.231785,A2C,CartPole-v1,54.5
87.0,87,1757605315.3062167,A2C,CartPole-v1,55.0
60.0,60,1757605315.3591895,A2C,CartPole-v1,54.7
60.0,60,1757605315.4121003,A2C,CartPole-v1,55.8
70.0,70,1757605315.4743109,A2C,CartPole-v1,59.1
38.0,38,1757605315.513334,A2C,CartPole-v1,58.8
60.0,60,1757605315.5682049,A2C,CartPole-v1,59.8
65.0,65,1757605315.6238618,A2C,CartPole-v1,60.6
48.0,48,1757605315.6619403,A2C,CartPole-v1,58.1
36.0,36,1757605315.6923554,A2C,CartPole-v1,59.0
54.0,54,1757605315.7391677,A2C,CartPole-v1,57.8
52.0,52,1757605315.783416,A2C,CartPole-v1,54.3
50.0,50,1757605315.8272786,A2C,CartPole-v1,53.3
52.0,52,1757605315.871136,A2C,CartPole-v1,52.5
55.0,55,1757605315.9163666,A2C,CartPole-v1,51.0
111.0,111,1757605316.0107625,A2C,CartPole-v1,58.3
65.0,65,1757605316.0701451,A2C,CartPole-v1,58.8
68.0,68,1757605316.1294208,A2C,CartPole-v1,59.1
64.0,64,1757605316.1842916,A2C,CartPole-v1,60.7
55.0,55,1757605316.234629,A2C,CartPole-v1,62.6
95.0,95,1757605316.321175,A2C,CartPole-v1,66.7
145.0,145,1757605316.445368,A2C,CartPole-v1,76.0
122.0,122,1757605316.552487,A2C,CartPole-v1,83.2
109.0,109,1757605316.645308,A2C,CartPole-v1,88.9
99.0,99,1757605316.728613,A2C,CartPole-v1,93.3
146.0,146,1757605316.8535874,A2C,CartPole-v1,96.8
110.0,110,1757605316.9489508,A2C,CartPole-v1,101.3
94.0,94,1757605317.031691,A2C,CartPole-v1,103.9
71.0,71,1757605317.0962446,A2C,CartPole-v1,104.6
69.0,69,1757605317.1579535,A2C,CartPole-v1,106.0
55.0,55,1757605317.2067003,A2C,CartPole-v1,102.0
62.0,62,1757605317.2596085,A2C,CartPole-v1,93.7
68.0,68,1757605317.3186717,A2C,CartPole-v1,88.3
46.0,46,1757605317.3581736,A2C,CartPole-v1,82.0
32.0,32,1757605317.3858483,A2C,CartPole-v1,75.3
41.0,41,1757605317.421017,A2C,CartPole-v1,64.8
40.0,40,1757605317.455271,A2C,CartPole-v1,57.8
28.0,28,1757605317.480327,A2C,CartPole-v1,51.2
26.0,26,1757605317.5042017,A2C,CartPole-v1,46.7
32.0,32,1757605317.5342813,A2C,CartPole-v1,43.0
25.0,25,1757605317.556608,A2C,CartPole-v1,40.0
15.0,15,1757605317.570324,A2C,CartPole-v1,35.3
14.0,14,1757605317.5812497,A2C,CartPole-v1,29.9
10.0,10,1757605317.590147,A2C,CartPole-v1,26.3
12.0,12,1757605317.6024373,A2C,CartPole-v1,24.3
11.0,11,1757605317.6115005,A2C,CartPole-v1,21.3
9.0,9,1757605317.6198592,A2C,CartPole-v1,18.2
15.0,15,1757605317.6328669,A2C,CartPole-v1,16.9
10.0,10,1757605317.641878,A2C,CartPole-v1,15.3
9.0,9,1757605317.649949,A2C,CartPole-v1,13.0
9.0,9,1757605317.6558075,A2C,CartPole-v1,11.4
11.0,11,1757605317.667264,A2C,CartPole-v1,11.0
9.0,9,1757605317.6733348,A2C,CartPole-v1,10.5
18.0,18,1757605317.6893885,A2C,CartPole-v1,11.3
11.0,11,1757605317.6991618,A2C,CartPole-v1,11.2
9.0,9,1757605317.7076828,A2C,CartPole-v1,11.0
12.0,12,1757605317.716992,A2C,CartPole-v1,11.3
11.0,11,1757605317.728572,A2C,CartPole-v1,10.9
12.0,12,1757605317.7375531,A2C,CartPole-v1,11.1
8.0,8,1757605317.7452672,A2C,CartPole-v1,11.0
9.0,9,1757605317.7509162,A2C,CartPole-v1,11.0
9.0,9,1757605317.759759,A2C,CartPole-v1,10.8
12.0,12,1757605317.771116,A2C,CartPole-v1,11.1
10.0,10,1757605317.780019,A2C,CartPole-v1,10.3
13.0,13,1757605317.790532,A2C,CartPole-v1,10.5
15.0,15,1757605317.803862,A2C,CartPole-v1,11.1
11.0,11,1757605317.8131173,A2C,CartPole-v1,11.0
10.0,10,1757605317.8219118,A2C,CartPole-v1,10.9
12.0,12,1757605317.833779,A2C,CartPole-v1,10.9
12.0,12,1757605317.8427932,A2C,CartPole-v1,11.3
11.0,11,1757605317.851905,A2C,CartPole-v1,11.5
9.0,9,1757605317.8598793,A2C,CartPole-v1,11.5
12.0,12,1757605317.8712535,A2C,CartPole-v1,11.5
9.0,9,1757605317.876897,A2C,CartPole-v1,11.4
10.0,10,1757605317.8862667,A2C,CartPole-v1,11.1
12.0,12,1757605317.8979158,A2C,CartPole-v1,10.8
14.0,14,1757605317.91018,A2C,CartPole-v1,11.1
11.0,11,1757605317.9187615,A2C,CartPole-v1,11.2
12.0,12,1757605317.92871,A2C,CartPole-v1,11.2
9.0,9,1757605317.9376435,A2C,CartPole-v1,10.9
11.0,11,1757605317.9464347,A2C,CartPole-v1,10.9
10.0,10,1757605317.9545128,A2C,CartPole-v1,11.0
9.0,9,1757605317.96257,A2C,CartPole-v1,10.7
12.0,12,1757605317.9720433,A2C,CartPole-v1,11.0
10.0,10,1757605317.98167,A2C,CartPole-v1,11.0
12.0,12,1757605317.9941754,A2C,CartPole-v1,11.0
11.0,11,1757605318.0042973,A2C,CartPole-v1,10.7
9.0,9,1757605318.013195,A2C,CartPole-v1,10.5
9.0,9,1757605318.021273,A2C,CartPole-v1,10.2
15.0,15,1757605318.0338938,A2C,CartPole-v1,10.8
9.0,9,1757605318.039986,A2C,CartPole-v1,10.6
10.0,10,1757605318.0488737,A2C,CartPole-v1,10.6
10.0,10,1757605318.058257,A2C,CartPole-v1,10.7
10.0,10,1757605318.0671856,A2C,CartPole-v1,10.5
9.0,9,1757605318.0756123,A2C,CartPole-v1,10.4
12.0,12,1757605318.0869408,A2C,CartPole-v1,10.4
10.0,10,1757605318.095601,A2C,CartPole-v1,10.3
11.0,11,1757605318.1043842,A2C,CartPole-v1,10.5
8.0,8,1757605318.109506,A2C,CartPole-v1,10.4
10.0,10,1757605318.1183577,A2C,CartPole-v1,9.9
9.0,9,1757605318.1263952,A2C,CartPole-v1,9.9
9.0,9,1757605318.1348,A2C,CartPole-v1,9.8
9.0,9,1757605318.143427,A2C,CartPole-v1,9.7
10.0,10,1757605318.1525352,A2C,CartPole-v1,9.7
10.0,10,1757605318.1608746,A2C,CartPole-v1,9.8
10.0,10,1757605318.169764,A2C,CartPole-v1,9.6
11.0,11,1757605318.1786282,A2C,CartPole-v1,9.7
9.0,9,1757605318.1867664,A2C,CartPole-v1,9.5
13.0,13,1757605318.1969514,A2C,CartPole-v1,10.0
12.0,12,1757605318.2084692,A2C,CartPole-v1,10.2
11.0,11,1757605318.2184072,A2C,CartPole-v1,10.4
11.0,11,1757605318.2274508,A2C,CartPole-v1,10.6
10.0,10,1757605318.2366505,A2C,CartPole-v1,10.7
10.0,10,1757605318.2450428,A2C,CartPole-v1,10.7
9.0,9,1757605318.2545357,A2C,CartPole-v1,10.6
9.0,9,1757605318.2634792,A2C,CartPole-v1,10.5
10.0,10,1757605318.2726085,A2C,CartPole-v1,10.4
9.0,9,1757605318.2809043,A2C,CartPole-v1,10.4
10.0,10,1757605318.290073,A2C,CartPole-v1,10.1
9.0,9,1757605318.2959137,A2C,CartPole-v1,9.8
10.0,10,1757605318.3049068,A2C,CartPole-v1,9.7
10.0,10,1757605318.3136494,A2C,CartPole-v1,9.6
10.0,10,1757605318.3226404,A2C,CartPole-v1,9.6
9.0,9,1757605318.3313413,A2C,CartPole-v1,9.5
12.0,12,1757605318.3433394,A2C,CartPole-v1,9.8
10.0,10,1757605318.3526387,A2C,CartPole-v1,9.9
8.0,8,1757605318.3586226,A2C,CartPole-v1,9.7
9.0,9,1757605318.36686,A2C,CartPole-v1,9.7
10.0,10,1757605318.375424,A2C,CartPole-v1,9.7
8.0,8,1757605318.3832693,A2C,CartPole-v1,9.6
8.0,8,1757605318.3892186,A2C,CartPole-v1,9.4
8.0,8,1757605318.3973892,A2C,CartPole-v1,9.2
10.0,10,1757605318.4056475,A2C,CartPole-v1,9.2
10.0,10,1757605318.414649,A2C,CartPole-v1,9.3
9.0,9,1757605318.4225986,A2C,CartPole-v1,9.0
10.0,10,1757605318.4314432,A2C,CartPole-v1,9.0
9.0,9,1757605318.4369571,A2C,CartPole-v1,9.1
10.0,10,1757605318.4452567,A2C,CartPole-v1,9.2
9.0,9,1757605318.4536502,A2C,CartPole-v1,9.1
9.0,9,1757605318.462274,A2C,CartPole-v1,9.2
10.0,10,1757605318.4711382,A2C,CartPole-v1,9.4
10.0,10,1757605318.4797394,A2C,CartPole-v1,9.6
9.0,9,1757605318.4878953,A2C,CartPole-v1,9.5
9.0,9,1757605318.4961169,A2C,CartPole-v1,9.4
9.0,9,1757605318.501964,A2C,CartPole-v1,9.4
9.0,9,1757605318.5103698,A2C,CartPole-v1,9.3
10.0,10,1757605318.5186007,A2C,CartPole-v1,9.4
9.0,9,1757605318.526643,A2C,CartPole-v1,9.3
10.0,10,1757605318.534525,A2C,CartPole-v1,9.4
10.0,10,1757605318.5430882,A2C,CartPole-v1,9.5
9.0,9,1757605318.5511994,A2C,CartPole-v1,9.4
9.0,9,1757605318.5596,A2C,CartPole-v1,9.3
9.0,9,1757605318.5655878,A2C,CartPole-v1,9.3
10.0,10,1757605318.574252,A2C,CartPole-v1,9.4
10.0,10,1757605318.5832002,A2C,CartPole-v1,9.5
9.0,9,1757605318.5918355,A2C,CartPole-v1,9.5
9.0,9,1757605318.6005206,A2C,CartPole-v1,9.4
10.0,10,1757605318.6096046,A2C,CartPole-v1,9.5
12.0,12,1757605318.6190195,A2C,CartPole-v1,9.7
10.0,10,1757605318.6278682,A2C,CartPole-v1,9.7
9.0,9,1757605318.6367717,A2C,CartPole-v1,9.7
9.0,9,1757605318.645369,A2C,CartPole-v1,9.7
10.0,10,1757605318.6584897,A2C,CartPole-v1,9.8
8.0,8,1757605318.672489,A2C,CartPole-v1,9.6
10.0,10,1757605318.6839874,A2C,CartPole-v1,9.6
10.0,10,1757605318.693237,A2C,CartPole-v1,9.7
11.0,11,1757605318.7022977,A2C,CartPole-v1,9.9
10.0,10,1757605318.7111824,A2C,CartPole-v1,9.9
9.0,9,1757605318.719973,A2C,CartPole-v1,9.6
9.0,9,1757605318.725926,A2C,CartPole-v1,9.5
9.0,9,1757605318.734688,A2C,CartPole-v1,9.5
9.0,9,1757605318.742822,A2C,CartPole-v1,9.5
9.0,9,1757605318.7511897,A2C,CartPole-v1,9.4
9.0,9,1757605318.7594802,A2C,CartPole-v1,9.5
10.0,10,1757605318.76836,A2C,CartPole-v1,9.5
10.0,10,1757605318.7771158,A2C,CartPole-v1,9.5
8.0,8,1757605318.7832863,A2C,CartPole-v1,9.2
10.0,10,1757605318.792423,A2C,CartPole-v1,9.2
10.0,10,1757605318.8008206,A2C,CartPole-v1,9.3
11.0,11,1757605318.8104692,A2C,CartPole-v1,9.5
10.0,10,1757605318.819275,A2C,CartPole-v1,9.6
12.0,12,1757605318.8310328,A2C,CartPole-v1,9.9
10.0,10,1757605318.840016,A2C,CartPole-v1,10.0
10.0,10,1757605318.8484194,A2C,CartPole-v1,10.1
10.0,10,1757605318.8572977,A2C,CartPole-v1,10.1
9.0,9,1757605318.8649578,A2C,CartPole-v1,10.0
10.0,10,1757605318.873386,A2C,CartPole-v1,10.2
10.0,10,1757605318.8822312,A2C,CartPole-v1,10.2
9.0,9,1757605318.8880155,A2C,CartPole-v1,10.1
10.0,10,1757605318.89617,A2C,CartPole-v1,10.0
10.0,10,1757605318.9051478,A2C,CartPole-v1,10.0
10.0,10,1757605318.9140742,A2C,CartPole-v1,9.8
9.0,9,1757605318.9223862,A2C,CartPole-v1,9.7
11.0,11,1757605318.9312377,A2C,CartPole-v1,9.8
9.0,9,1757605318.940032,A2C,CartPole-v1,9.7
9.0,9,1757605318.9481878,A2C,CartPole-v1,9.7
9.0,9,1757605318.9561932,A2C,CartPole-v1,9.6
9.0,9,1757605318.9661584,A2C,CartPole-v1,9.5
9.0,9,1757605318.972383,A2C,CartPole-v1,9.5
10.0,10,1757605318.980835,A2C,CartPole-v1,9.5
10.0,10,1757605318.9892366,A2C,CartPole-v1,9.5
9.0,9,1757605318.9973288,A2C,CartPole-v1,9.4
9.0,9,1757605319.005398,A2C,CartPole-v1,9.4
9.0,9,1757605319.01362,A2C,CartPole-v1,9.2
9.0,9,1757605319.0217226,A2C,CartPole-v1,9.2
9.0,9,1757605319.0273435,A2C,CartPole-v1,9.2
9.0,9,1757605319.0356858,A2C,CartPole-v1,9.2
9.0,9,1757605319.043893,A2C,CartPole-v1,9.2
9.0,9,1757605319.0524662,A2C,CartPole-v1,9.2
10.0,10,1757605319.0605676,A2C,CartPole-v1,9.2
12.0,12,1757605319.0697513,A2C,CartPole-v1,9.4
9.0,9,1757605319.078019,A2C,CartPole-v1,9.4
11.0,11,1757605319.0876036,A2C,CartPole-v1,9.6
12.0,12,1757605319.099382,A2C,CartPole-v1,9.9
9.0,9,1757605319.1058052,A2C,CartPole-v1,9.9
8.0,8,1757605319.1144445,A2C,CartPole-v1,9.8
11.0,11,1757605319.1234827,A2C,CartPole-v1,10.0
10.0,10,1757605319.1325288,A2C,CartPole-v1,10.1
13.0,13,1757605319.1455646,A2C,CartPole-v1,10.5
10.0,10,1757605319.1545348,A2C,CartPole-v1,10.5
9.0,9,1757605319.1634548,A2C,CartPole-v1,10.2
9.0,9,1757605319.1697145,A2C,CartPole-v1,10.2
10.0,10,1757605319.1783326,A2C,CartPole-v1,10.1
10.0,10,1757605319.1876798,A2C,CartPole-v1,9.9
8.0,8,1757605319.1961267,A2C,CartPole-v1,9.8
10.0,10,1757605319.2053852,A2C,CartPole-v1,10.0
12.0,12,1757605319.214982,A2C,CartPole-v1,10.1
9.0,9,1757605319.223112,A2C,CartPole-v1,10.0
12.0,12,1757605319.2356622,A2C,CartPole-v1,9.9
14.0,14,1757605319.2474043,A2C,CartPole-v1,10.3
12.0,12,1757605319.2594216,A2C,CartPole-v1,10.6
12.0,12,1757605319.270872,A2C,CartPole-v1,10.9
10.0,10,1757605319.2798474,A2C,CartPole-v1,10.9
11.0,11,1757605319.289061,A2C,CartPole-v1,11.0
12.0,12,1757605319.301282,A2C,CartPole-v1,11.4
12.0,12,1757605319.3109393,A2C,CartPole-v1,11.6
10.0,10,1757605319.3194163,A2C,CartPole-v1,11.4
9.0,9,1757605319.3277829,A2C,CartPole-v1,11.4
9.0,9,1757605319.3366313,A2C,CartPole-v1,11.1
11.0,11,1757605319.3459027,A2C,CartPole-v1,10.8
13.0,13,1757605319.359006,A2C,CartPole-v1,10.9
20.0,20,1757605319.377437,A2C,CartPole-v1,11.7
12.0,12,1757605319.3873043,A2C,CartPole-v1,11.9
16.0,16,1757605319.4021966,A2C,CartPole-v1,12.4
15.0,15,1757605319.4155817,A2C,CartPole-v1,12.7
17.0,17,1757605319.4326172,A2C,CartPole-v1,13.2
18.0,18,1757605319.4475863,A2C,CartPole-v1,14.0
15.0,15,1757605319.4610338,A2C,CartPole-v1,14.6
16.0,16,1757605319.4752183,A2C,CartPole-v1,15.3
23.0,23,1757605319.4972491,A2C,CartPole-v1,16.5
29.0,29,1757605319.52352,A2C,CartPole-v1,18.1
17.0,17,1757605319.537775,A2C,CartPole-v1,17.8
28.0,28,1757605319.5637832,A2C,CartPole-v1,19.4
32.0,32,1757605319.5893312,A2C,CartPole-v1,21.0
47.0,47,1757605319.631021,A2C,CartPole-v1,24.2
12.0,12,1757605319.6406283,A2C,CartPole-v1,23.7
50.0,50,1757605319.681734,A2C,CartPole-v1,26.9
21.0,21,1757605319.6989398,A2C,CartPole-v1,27.5
13.0,13,1757605319.7104263,A2C,CartPole-v1,27.2
20.0,20,1757605319.726805,A2C,CartPole-v1,26.9
11.0,11,1757605319.735616,A2C,CartPole-v1,25.1
20.0,20,1757605319.752787,A2C,CartPole-v1,25.4
12.0,12,1757605319.7628248,A2C,CartPole-v1,23.8
14.0,14,1757605319.776322,A2C,CartPole-v1,22.0
15.0,15,1757605319.7904923,A2C,CartPole-v1,18.8
23.0,23,1757605319.8127196,A2C,CartPole-v1,19.9
11.0,11,1757605319.822222,A2C,CartPole-v1,16.0
14.0,14,1757605319.835281,A2C,CartPole-v1,15.3
53.0,53,1757605319.8822813,A2C,CartPole-v1,19.3
15.0,15,1757605319.895216,A2C,CartPole-v1,18.8
45.0,45,1757605319.9341571,A2C,CartPole-v1,22.2
17.0,17,1757605319.9503045,A2C,CartPole-v1,21.9
60.0,60,1757605320.0021188,A2C,CartPole-v1,26.7
67.0,67,1757605320.0596447,A2C,CartPole-v1,32.0
25.0,25,1757605320.0805185,A2C,CartPole-v1,33.0
18.0,18,1757605320.0967834,A2C,CartPole-v1,32.5
19.0,19,1757605320.112997,A2C,CartPole-v1,33.3
84.0,84,1757605320.1842086,A2C,CartPole-v1,40.3
12.0,12,1757605320.1965468,A2C,CartPole-v1,36.2
20.0,20,1757605320.2139642,A2C,CartPole-v1,36.7
70.0,70,1757605320.276229,A2C,CartPole-v1,39.2
23.0,23,1757605320.294819,A2C,CartPole-v1,39.8
70.0,70,1757605320.355363,A2C,CartPole-v1,40.8
17.0,17,1757605320.3722506,A2C,CartPole-v1,35.8
69.0,69,1757605320.4327614,A2C,CartPole-v1,40.2
76.0,76,1757605320.49553,A2C,CartPole-v1,46.0
18.0,18,1757605320.5093105,A2C,CartPole-v1,45.9
75.0,75,1757605320.5738723,A2C,CartPole-v1,45.0
29.0,29,1757605320.5984302,A2C,CartPole-v1,46.7
78.0,78,1757605320.6644242,A2C,CartPole-v1,52.5
72.0,72,1757605320.7252293,A2C,CartPole-v1,52.7
91.0,91,1757605320.8016295,A2C,CartPole-v1,59.5
94.0,94,1757605320.886649,A2C,CartPole-v1,61.9
68.0,68,1757605320.9487567,A2C,CartPole-v1,67.0
46.0,46,1757605320.9868736,A2C,CartPole-v1,64.7
86.0,86,1757605321.057629,A2C,CartPole-v1,65.7
14.0,14,1757605321.0700262,A2C,CartPole-v1,65.3
104.0,104,1757605321.1577108,A2C,CartPole-v1,68.2
100.0,100,1757605321.2464356,A2C,CartPole-v1,75.3
15.0,15,1757605321.2598398,A2C,CartPole-v1,69.0
89.0,89,1757605321.3389213,A2C,CartPole-v1,70.7
105.0,105,1757605321.431214,A2C,CartPole-v1,72.1
122.0,122,1757605321.535431,A2C,CartPole-v1,74.9
117.0,117,1757605321.636655,A2C,CartPole-v1,79.8
90.0,90,1757605321.7148876,A2C,CartPole-v1,84.2
133.0,133,1757605321.8321955,A2C,CartPole-v1,88.9
13.0,13,1757605321.8451228,A2C,CartPole-v1,88.8
129.0,129,1757605321.9574358,A2C,CartPole-v1,91.3
97.0,97,1757605322.04468,A2C,CartPole-v1,91.0
122.0,122,1757605322.1480958,A2C,CartPole-v1,101.7
98.0,98,1757605322.2331858,A2C,CartPole-v1,102.6
120.0,120,1757605322.3370166,A2C,CartPole-v1,104.1
100.0,100,1757605322.423614,A2C,CartPole-v1,101.9
117.0,117,1757605322.5232189,A2C,CartPole-v1,101.9
126.0,126,1757605322.6325138,A2C,CartPole-v1,105.5
11.0,11,1757605322.6442776,A2C,CartPole-v1,93.3
125.0,125,1757605322.7486362,A2C,CartPole-v1,104.5
14.0,14,1757605322.7588742,A2C,CartPole-v1,93.0
143.0,143,1757605322.8927455,A2C,CartPole-v1,97.6
131.0,131,1757605323.0216973,A2C,CartPole-v1,98.5
120.0,120,1757605323.1266315,A2C,CartPole-v1,100.7
127.0,127,1757605323.23367,A2C,CartPole-v1,101.4
15.0,15,1757605323.245787,A2C,CartPole-v1,92.9
125.0,125,1757605323.3513956,A2C,CartPole-v1,93.7
111.0,111,1757605323.449262,A2C,CartPole-v1,92.2
120.0,120,1757605323.554819,A2C,CartPole-v1,103.1
11.0,11,1757605323.5639472,A2C,CartPole-v1,91.7
21.0,21,1757605323.5814006,A2C,CartPole-v1,92.4
93.0,93,1757605323.673416,A2C,CartPole-v1,87.4
106.0,106,1757605323.7657804,A2C,CartPole-v1,84.9
104.0,104,1757605323.855962,A2C,CartPole-v1,83.3
96.0,96,1757605323.940658,A2C,CartPole-v1,80.2
15.0,15,1757605323.9534607,A2C,CartPole-v1,80.2
121.0,121,1757605324.0540078,A2C,CartPole-v1,79.8
105.0,105,1757605324.1422744,A2C,CartPole-v1,79.2
104.0,104,1757605324.2354565,A2C,CartPole-v1,77.6
128.0,128,1757605324.3766294,A2C,CartPole-v1,89.3
108.0,108,1757605324.465672,A2C,CartPole-v1,98.0
88.0,88,1757605324.5401394,A2C,CartPole-v1,97.5
111.0,111,1757605324.6321418,A2C,CartPole-v1,98.0
123.0,123,1757605324.7355933,A2C,CartPole-v1,99.9
145.0,145,1757605324.8628411,A2C,CartPole-v1,104.8
153.0,153,1757605324.992743,A2C,CartPole-v1,118.6
140.0,140,1757605325.1142912,A2C,CartPole-v1,120.5
136.0,136,1757605325.2326355,A2C,CartPole-v1,123.6
130.0,130,1757605325.3448944,A2C,CartPole-v1,126.2
158.0,158,1757605325.4827864,A2C,CartPole-v1,129.2
142.0,142,1757605325.6041777,A2C,CartPole-v1,132.6
134.0,134,1757605325.7169783,A2C,CartPole-v1,137.2
157.0,157,1757605325.8504548,A2C,CartPole-v1,141.8
142.0,142,1757605325.9691086,A2C,CartPole-v1,143.7
146.0,146,1757605326.0961835,A2C,CartPole-v1,143.8
142.0,142,1757605326.2180908,A2C,CartPole-v1,142.7
123.0,123,1757605326.317885,A2C,CartPole-v1,141.0
123.0,123,1757605326.42357,A2C,CartPole-v1,139.7
98.0,98,1757605326.505165,A2C,CartPole-v1,136.5
22.0,22,1757605326.5279424,A2C,CartPole-v1,122.9
108.0,108,1757605326.6192353,A2C,CartPole-v1,119.5
100.0,100,1757605326.7038338,A2C,CartPole-v1,116.1
97.0,97,1757605326.792512,A2C,CartPole-v1,110.1
119.0,119,1757605326.9073694,A2C,CartPole-v1,107.8
14.0,14,1757605326.91794,A2C,CartPole-v1,94.6
82.0,82,1757605326.9936447,A2C,CartPole-v1,88.6
93.0,93,1757605327.0737264,A2C,CartPole-v1,85.6
115.0,115,1757605327.1731677,A2C,CartPole-v1,84.8
114.0,114,1757605327.2694175,A2C,CartPole-v1,86.4
30.0,30,1757605327.294822,A2C,CartPole-v1,87.2
123.0,123,1757605327.4143014,A2C,CartPole-v1,88.7
127.0,127,1757605327.5251002,A2C,CartPole-v1,91.4
128.0,128,1757605327.6375325,A2C,CartPole-v1,94.5
116.0,116,1757605327.7405813,A2C,CartPole-v1,94.2
13.0,13,1757605327.8648937,PPO,CartPole-v1,13.0
11.0,11,1757605327.869163,PPO,CartPole-v1,12.0
27.0,27,1757605327.8809092,PPO,CartPole-v1,17.0
28.0,28,1757605327.8934891,PPO,CartPole-v1,19.75
27.0,27,1757605327.9042656,PPO,CartPole-v1,21.2
10.0,10,1757605327.9088554,PPO,CartPole-v1,19.333333333333332
41.0,41,1757605327.9257438,PPO,CartPole-v1,22.428571428571427
15.0,15,1757605327.931465,PPO,CartPole-v1,21.5
34.0,34,1757605327.9453387,PPO,CartPole-v1,22.88888888888889
30.0,30,1757605327.9558797,PPO,CartPole-v1,23.6
21.0,21,1757605327.9638608,PPO,CartPole-v1,24.4
24.0,24,1757605327.9728231,PPO,CartPole-v1,25.7
20.0,20,1757605327.980239,PPO,CartPole-v1,25.0
15.0,15,1757605327.9857516,PPO,CartPole-v1,23.7
12.0,12,1757605327.990142,PPO,CartPole-v1,22.2
22.0,22,1757605327.9979844,PPO,CartPole-v1,23.4
22.0,22,1757605328.006241,PPO,CartPole-v1,21.5
44.0,44,1757605328.0224447,PPO,CartPole-v1,24.4
11.0,11,1757605328.0264556,PPO,CartPole-v1,22.1
30.0,30,1757605328.0372808,PPO,CartPole-v1,22.1
18.0,18,1757605328.0440395,PPO,CartPole-v1,21.8
12.0,12,1757605328.0486047,PPO,CartPole-v1,20.6
9.0,9,1757605328.0522249,PPO,CartPole-v1,19.5
20.0,20,1757605328.0592413,PPO,CartPole-v1,20.0
15.0,15,1757605328.0646796,PPO,CartPole-v1,20.3
14.0,14,1757605328.0698316,PPO,CartPole-v1,19.5
23.0,23,1757605328.0787137,PPO,CartPole-v1,19.6
20.0,20,1757605328.086153,PPO,CartPole-v1,17.2
26.0,26,1757605328.0961218,PPO,CartPole-v1,18.7
17.0,17,1757605328.1028934,PPO,CartPole-v1,17.4
19.0,19,1757605328.1105125,PPO,CartPole-v1,17.5
34.0,34,1757605328.1241343,PPO,CartPole-v1,19.7
35.0,35,1757605328.1375928,PPO,CartPole-v1,22.3
19.0,19,1757605328.1454573,PPO,CartPole-v1,22.2
39.0,39,1757605328.160894,PPO,CartPole-v1,24.6
9.0,9,1757605328.1641622,PPO,CartPole-v1,24.1
18.0,18,1757605328.17102,PPO,CartPole-v1,23.6
13.0,13,1757605328.1781888,PPO,CartPole-v1,22.9
23.0,23,1757605328.187777,PPO,CartPole-v1,22.6
26.0,26,1757605328.1973577,PPO,CartPole-v1,23.5
15.0,15,1757605328.2026565,PPO,CartPole-v1,23.1
19.0,19,1757605328.2097828,PPO,CartPole-v1,21.6
12.0,12,1757605328.2147768,PPO,CartPole-v1,19.3
54.0,54,1757605328.2357154,PPO,CartPole-v1,22.8
38.0,38,1757605328.2496755,PPO,CartPole-v1,22.7
14.0,14,1757605328.254946,PPO,CartPole-v1,23.2
10.0,10,1757605328.2594817,PPO,CartPole-v1,22.4
15.0,15,1757605328.2652538,PPO,CartPole-v1,22.6
18.0,18,1757605328.2717724,PPO,CartPole-v1,22.1
16.0,16,1757605328.2782445,PPO,CartPole-v1,21.1
19.0,19,1757605328.2857792,PPO,CartPole-v1,21.5
16.0,16,1757605328.2918842,PPO,CartPole-v1,21.2
21.0,21,1757605328.2996542,PPO,CartPole-v1,22.1
36.0,36,1757605328.3140123,PPO,CartPole-v1,20.3
24.0,24,1757605328.323704,PPO,CartPole-v1,18.9
32.0,32,1757605328.337174,PPO,CartPole-v1,20.7
39.0,39,1757605328.3521304,PPO,CartPole-v1,23.6
11.0,11,1757605328.3561728,PPO,CartPole-v1,23.2
13.0,13,1757605328.3608892,PPO,CartPole-v1,22.7
14.0,14,1757605328.366077,PPO,CartPole-v1,22.5
17.0,17,1757605328.373408,PPO,CartPole-v1,22.3
11.0,11,1757605328.377468,PPO,CartPole-v1,21.8
13.0,13,1757605328.3826988,PPO,CartPole-v1,21.0
14.0,14,1757605328.3878767,PPO,CartPole-v1,18.8
14.0,14,1757605328.393109,PPO,CartPole-v1,17.8
33.0,33,1757605328.406512,PPO,CartPole-v1,17.9
13.0,13,1757605328.4118176,PPO,CartPole-v1,15.3
30.0,30,1757605328.42299,PPO,CartPole-v1,17.2
8.0,8,1757605328.425907,PPO,CartPole-v1,16.7
16.0,16,1757605328.433055,PPO,CartPole-v1,16.9
32.0,32,1757605328.4454093,PPO,CartPole-v1,18.4
10.0,10,1757605328.4497988,PPO,CartPole-v1,18.3
13.0,13,1757605328.455304,PPO,CartPole-v1,18.3
21.0,21,1757605328.4634757,PPO,CartPole-v1,19.0
82.0,82,1757605328.4955432,PPO,CartPole-v1,25.8
11.0,11,1757605328.4997466,PPO,CartPole-v1,23.6
17.0,17,1757605328.506712,PPO,CartPole-v1,24.0
29.0,29,1757605328.518303,PPO,CartPole-v1,23.9
15.0,15,1757605328.5243316,PPO,CartPole-v1,24.6
22.0,22,1757605328.5328245,PPO,CartPole-v1,25.2
12.0,12,1757605328.5377536,PPO,CartPole-v1,23.2
15.0,15,1757605328.5439212,PPO,CartPole-v1,23.7
13.0,13,1757605328.5488348,PPO,CartPole-v1,23.7
41.0,41,1757605328.564949,PPO,CartPole-v1,25.7
17.0,17,1757605328.5717332,PPO,CartPole-v1,19.2
19.0,19,1757605328.57931,PPO,CartPole-v1,20.0
48.0,48,1757605328.596979,PPO,CartPole-v1,23.1
13.0,13,1757605328.602167,PPO,CartPole-v1,21.5
25.0,25,1757605328.6108718,PPO,CartPole-v1,22.5
16.0,16,1757605328.6169107,PPO,CartPole-v1,21.9
24.0,24,1757605328.6255946,PPO,CartPole-v1,23.1
30.0,30,1757605328.6363642,PPO,CartPole-v1,24.6
12.0,12,1757605328.64058,PPO,CartPole-v1,24.5
14.0,14,1757605328.6456923,PPO,CartPole-v1,21.8
21.0,21,1757605328.6532009,PPO,CartPole-v1,22.2
14.0,14,1757605329.6196022,PPO,CartPole-v1,21.7
19.0,19,1757605329.6262956,PPO,CartPole-v1,18.8
20.0,20,1757605329.6349096,PPO,CartPole-v1,19.5
50.0,50,1757605329.653711,PPO,CartPole-v1,22.0
15.0,15,1757605329.6591225,PPO,CartPole-v1,21.9
39.0,39,1757605329.6753323,PPO,CartPole-v1,23.4
19.0,19,1757605329.682511,PPO,CartPole-v1,22.3
23.0,23,1757605329.690964,PPO,CartPole-v1,23.4
33.0,33,1757605329.7035198,PPO,CartPole-v1,25.3
45.0,45,1757605329.7212026,PPO,CartPole-v1,27.7
30.0,30,1757605329.7355394,PPO,CartPole-v1,29.3
25.0,25,1757605329.7449963,PPO,CartPole-v1,29.9
16.0,16,1757605329.7515278,PPO,CartPole-v1,29.5
57.0,57,1757605329.772417,PPO,CartPole-v1,30.2
14.0,14,1757605329.7775865,PPO,CartPole-v1,30.1
18.0,18,1757605329.7843122,PPO,CartPole-v1,28.0
16.0,16,1757605329.790053,PPO,CartPole-v1,27.7
22.0,22,1757605329.7979536,PPO,CartPole-v1,27.6
16.0,16,1757605329.8039544,PPO,CartPole-v1,25.9
32.0,32,1757605329.8175795,PPO,CartPole-v1,24.6
41.0,41,1757605329.8326993,PPO,CartPole-v1,25.7
33.0,33,1757605329.845402,PPO,CartPole-v1,26.5
31.0,31,1757605329.857075,PPO,CartPole-v1,28.0
28.0,28,1757605329.8672545,PPO,CartPole-v1,25.1
44.0,44,1757605329.883994,PPO,CartPole-v1,28.1
35.0,35,1757605329.8970368,PPO,CartPole-v1,29.8
30.0,30,1757605329.907757,PPO,CartPole-v1,31.2
15.0,15,1757605329.9136455,PPO,CartPole-v1,30.5
30.0,30,1757605329.9252164,PPO,CartPole-v1,31.9
17.0,17,1757605329.9314532,PPO,CartPole-v1,30.4
19.0,19,1757605329.9389267,PPO,CartPole-v1,28.2
23.0,23,1757605329.9479198,PPO,CartPole-v1,27.2
11.0,11,1757605329.9521916,PPO,CartPole-v1,25.2
18.0,18,1757605329.9588869,PPO,CartPole-v1,24.2
30.0,30,1757605329.970301,PPO,CartPole-v1,22.8
49.0,49,1757605329.9894605,PPO,CartPole-v1,24.2
14.0,14,1757605329.995003,PPO,CartPole-v1,22.6
14.0,14,1757605330.0007477,PPO,CartPole-v1,22.5
52.0,52,1757605330.0196755,PPO,CartPole-v1,24.7
28.0,28,1757605330.0294464,PPO,CartPole-v1,25.8
45.0,45,1757605330.0457838,PPO,CartPole-v1,28.4
38.0,38,1757605330.060472,PPO,CartPole-v1,29.9
21.0,21,1757605330.0679555,PPO,CartPole-v1,30.9
30.0,30,1757605330.0792232,PPO,CartPole-v1,32.1
28.0,28,1757605330.0898438,PPO,CartPole-v1,31.9
28.0,28,1757605330.1005774,PPO,CartPole-v1,29.8
19.0,19,1757605330.1074817,PPO,CartPole-v1,30.3
20.0,20,1757605330.1146278,PPO,CartPole-v1,30.9
21.0,21,1757605330.1227124,PPO,CartPole-v1,27.8
12.0,12,1757605330.1270573,PPO,CartPole-v1,26.2
12.0,12,1757605330.1314292,PPO,CartPole-v1,22.9
50.0,50,1757605330.1496494,PPO,CartPole-v1,24.1
16.0,16,1757605330.15543,PPO,CartPole-v1,23.6
45.0,45,1757605330.172718,PPO,CartPole-v1,25.1
18.0,18,1757605330.1795433,PPO,CartPole-v1,24.1
44.0,44,1757605330.1956034,PPO,CartPole-v1,25.7
95.0,95,1757605330.2309227,PPO,CartPole-v1,33.3
36.0,36,1757605330.2440355,PPO,CartPole-v1,34.9
23.0,23,1757605330.2537613,PPO,CartPole-v1,35.1
21.0,21,1757605330.262205,PPO,CartPole-v1,36.0
57.0,57,1757605330.2829049,PPO,CartPole-v1,40.5
19.0,19,1757605330.2895648,PPO,CartPole-v1,37.4
20.0,20,1757605330.29779,PPO,CartPole-v1,37.8
19.0,19,1757605330.3046894,PPO,CartPole-v1,35.2
66.0,66,1757605330.3297012,PPO,CartPole-v1,40.0
50.0,50,1757605330.347371,PPO,CartPole-v1,40.6
24.0,24,1757605330.3567042,PPO,CartPole-v1,33.5
18.0,18,1757605330.3631914,PPO,CartPole-v1,31.7
44.0,44,1757605330.3801613,PPO,CartPole-v1,33.8
16.0,16,1757605330.386041,PPO,CartPole-v1,33.3
16.0,16,1757605331.2892413,PPO,CartPole-v1,29.2
27.0,27,1757605331.299482,PPO,CartPole-v1,30.0
11.0,11,1757605331.303813,PPO,CartPole-v1,29.1
18.0,18,1757605331.3105664,PPO,CartPole-v1,29.0
59.0,59,1757605331.3322642,PPO,CartPole-v1,28.3
114.0,114,1757605331.3754084,PPO,CartPole-v1,34.7
42.0,42,1757605331.3908918,PPO,CartPole-v1,36.5
36.0,36,1757605331.4044366,PPO,CartPole-v1,38.3
37.0,37,1757605331.4190156,PPO,CartPole-v1,37.6
26.0,26,1757605331.4287157,PPO,CartPole-v1,38.6
18.0,18,1757605331.4349473,PPO,CartPole-v1,38.8
17.0,17,1757605331.4411943,PPO,CartPole-v1,37.8
14.0,14,1757605331.446299,PPO,CartPole-v1,38.1
49.0,49,1757605331.4637349,PPO,CartPole-v1,41.2
15.0,15,1757605331.4694445,PPO,CartPole-v1,36.8
12.0,12,1757605331.473883,PPO,CartPole-v1,26.6
72.0,72,1757605331.5024438,PPO,CartPole-v1,29.6
42.0,42,1757605331.5189054,PPO,CartPole-v1,30.2
75.0,75,1757605331.5459404,PPO,CartPole-v1,34.0
47.0,47,1757605331.5642068,PPO,CartPole-v1,36.1
27.0,27,1757605331.5752022,PPO,CartPole-v1,37.0
24.0,24,1757605331.5843046,PPO,CartPole-v1,37.7
53.0,53,1757605331.6042693,PPO,CartPole-v1,41.6
44.0,44,1757605331.620403,PPO,CartPole-v1,41.1
28.0,28,1757605331.6312375,PPO,CartPole-v1,42.4
15.0,15,1757605331.636869,PPO,CartPole-v1,42.7
60.0,60,1757605331.660028,PPO,CartPole-v1,41.5
37.0,37,1757605331.6748333,PPO,CartPole-v1,41.0
96.0,96,1757605331.7111375,PPO,CartPole-v1,43.1
43.0,43,1757605331.7269435,PPO,CartPole-v1,42.7
25.0,25,1757605331.7362757,PPO,CartPole-v1,42.5
50.0,50,1757605331.754227,PPO,CartPole-v1,45.1
36.0,36,1757605331.767521,PPO,CartPole-v1,43.4
54.0,54,1757605331.787445,PPO,CartPole-v1,44.4
34.0,34,1757605331.8009338,PPO,CartPole-v1,45.0
55.0,55,1757605331.8206413,PPO,CartPole-v1,49.0
24.0,24,1757605331.829023,PPO,CartPole-v1,45.4
24.0,24,1757605331.8365235,PPO,CartPole-v1,44.1
43.0,43,1757605331.8499868,PPO,CartPole-v1,38.8
14.0,14,1757605331.8543296,PPO,CartPole-v1,35.9
43.0,43,1757605331.869313,PPO,CartPole-v1,37.7
44.0,44,1757605331.885792,PPO,CartPole-v1,37.1
14.0,14,1757605331.8908076,PPO,CartPole-v1,34.9
28.0,28,1757605331.9012372,PPO,CartPole-v1,32.3
27.0,27,1757605331.9108963,PPO,CartPole-v1,31.6
25.0,25,1757605331.9197268,PPO,CartPole-v1,28.6
20.0,20,1757605331.9267788,PPO,CartPole-v1,28.2
25.0,25,1757605331.934613,PPO,CartPole-v1,28.3
13.0,13,1757605331.9387643,PPO,CartPole-v1,25.3
49.0,49,1757605331.9554205,PPO,CartPole-v1,28.8
53.0,53,1757605331.9777508,PPO,CartPole-v1,29.8
27.0,27,1757605331.9910543,PPO,CartPole-v1,28.1
24.0,24,1757605332.0020733,PPO,CartPole-v1,29.1
26.0,26,1757605332.0127847,PPO,CartPole-v1,28.9
26.0,26,1757605332.0269668,PPO,CartPole-v1,28.8
19.0,19,1757605332.0378294,PPO,CartPole-v1,28.2
60.0,60,1757605332.0633037,PPO,CartPole-v1,32.2
50.0,50,1757605333.0011363,PPO,CartPole-v1,34.7
72.0,72,1757605333.0291998,PPO,CartPole-v1,40.6
80.0,80,1757605333.0602045,PPO,CartPole-v1,43.7
92.0,92,1757605333.093277,PPO,CartPole-v1,47.6
37.0,37,1757605333.1071365,PPO,CartPole-v1,48.6
67.0,67,1757605333.131635,PPO,CartPole-v1,52.9
40.0,40,1757605333.1461997,PPO,CartPole-v1,54.3
28.0,28,1757605333.1564882,PPO,CartPole-v1,54.5
88.0,88,1757605333.1880555,PPO,CartPole-v1,61.4
36.0,36,1757605333.2036886,PPO,CartPole-v1,59.0
45.0,45,1757605333.223438,PPO,CartPole-v1,58.5
45.0,45,1757605333.241171,PPO,CartPole-v1,55.8
66.0,66,1757605333.264942,PPO,CartPole-v1,54.4
154.0,154,1757605333.3213308,PPO,CartPole-v1,60.6
23.0,23,1757605333.3306253,PPO,CartPole-v1,59.2
94.0,94,1757605333.365739,PPO,CartPole-v1,61.9
55.0,55,1757605333.3856957,PPO,CartPole-v1,63.4
22.0,22,1757605333.3940518,PPO,CartPole-v1,62.8
23.0,23,1757605333.4028535,PPO,CartPole-v1,56.3
62.0,62,1757605333.4249203,PPO,CartPole-v1,58.9
63.0,63,1757605333.4474392,PPO,CartPole-v1,60.7
177.0,177,1757605333.5124855,PPO,CartPole-v1,73.9
80.0,80,1757605333.5424714,PPO,CartPole-v1,75.3
81.0,81,1757605333.5718029,PPO,CartPole-v1,68.0
25.0,25,1757605333.5807629,PPO,CartPole-v1,68.2
10.0,10,1757605333.584325,PPO,CartPole-v1,59.8
55.0,55,1757605333.6040227,PPO,CartPole-v1,59.8
57.0,57,1757605333.6252882,PPO,CartPole-v1,63.3
50.0,50,1757605333.6433487,PPO,CartPole-v1,66.0
40.0,40,1757605333.6581612,PPO,CartPole-v1,63.8
44.0,44,1757605333.6738422,PPO,CartPole-v1,61.9
11.0,11,1757605333.677992,PPO,CartPole-v1,45.3
27.0,27,1757605333.688447,PPO,CartPole-v1,40.0
16.0,16,1757605333.6944609,PPO,CartPole-v1,33.5
40.0,40,1757605333.708639,PPO,CartPole-v1,35.0
109.0,109,1757605334.6581588,PPO,CartPole-v1,44.9
80.0,80,1757605334.687929,PPO,CartPole-v1,47.4
58.0,58,1757605334.7091274,PPO,CartPole-v1,47.5
31.0,31,1757605334.7207887,PPO,CartPole-v1,45.6
28.0,28,1757605334.731232,PPO,CartPole-v1,44.4
121.0,121,1757605334.7766678,PPO,CartPole-v1,52.1
26.0,26,1757605334.7867403,PPO,CartPole-v1,53.6
147.0,147,1757605334.8414743,PPO,CartPole-v1,65.6
138.0,138,1757605334.8959358,PPO,CartPole-v1,77.8
133.0,133,1757605334.9472098,PPO,CartPole-v1,87.1
61.0,61,1757605334.970467,PPO,CartPole-v1,82.3
16.0,16,1757605334.9766283,PPO,CartPole-v1,75.9
29.0,29,1757605334.987789,PPO,CartPole-v1,73.0
75.0,75,1757605335.015458,PPO,CartPole-v1,77.4
185.0,185,1757605335.0822449,PPO,CartPole-v1,93.1
143.0,143,1757605335.135626,PPO,CartPole-v1,95.3
116.0,116,1757605335.1837783,PPO,CartPole-v1,104.3
115.0,115,1757605335.227832,PPO,CartPole-v1,101.1
32.0,32,1757605335.2402835,PPO,CartPole-v1,90.5
50.0,50,1757605335.2594306,PPO,CartPole-v1,82.2
46.0,46,1757605335.2784305,PPO,CartPole-v1,80.7
299.0,299,1757605335.394829,PPO,CartPole-v1,109.0
37.0,37,1757605335.408898,PPO,CartPole-v1,109.8
80.0,80,1757605336.4436045,PPO,CartPole-v1,110.3
135.0,135,1757605336.4937625,PPO,CartPole-v1,105.3
106.0,106,1757605336.5370753,PPO,CartPole-v1,101.6
78.0,78,1757605336.5682335,PPO,CartPole-v1,97.8
153.0,153,1757605336.6284964,PPO,CartPole-v1,101.6
204.0,204,1757605336.7098842,PPO,CartPole-v1,118.8
55.0,55,1757605336.7314904,PPO,CartPole-v1,119.3
140.0,140,1757605336.7854009,PPO,CartPole-v1,128.7
189.0,189,1757605336.8589392,PPO,CartPole-v1,117.7
266.0,266,1757605336.959232,PPO,CartPole-v1,140.6
144.0,144,1757605337.0139728,PPO,CartPole-v1,147.0
112.0,112,1757605337.05634,PPO,CartPole-v1,144.7
155.0,155,1757605337.1105795,PPO,CartPole-v1,149.6
56.0,56,1757605337.1304014,PPO,CartPole-v1,147.4
94.0,94,1757605337.1615613,PPO,CartPole-v1,141.5
117.0,117,1757605337.201157,PPO,CartPole-v1,132.8
110.0,110,1757605338.2765384,PPO,CartPole-v1,138.3
150.0,150,1757605338.3315425,PPO,CartPole-v1,139.3
270.0,270,1757605338.435946,PPO,CartPole-v1,147.4
119.0,119,1757605338.482582,PPO,CartPole-v1,132.7
338.0,338,1757605338.6056406,PPO,CartPole-v1,152.1
168.0,168,1757605338.6609962,PPO,CartPole-v1,157.7
286.0,286,1757605338.7651212,PPO,CartPole-v1,170.8
54.0,54,1757605338.7850132,PPO,CartPole-v1,170.6
96.0,96,1757605338.8217142,PPO,CartPole-v1,170.8
170.0,170,1757605338.8868794,PPO,CartPole-v1,176.1
293.0,293,1757605338.9946628,PPO,CartPole-v1,194.4
187.0,187,1757605340.0295794,PPO,CartPole-v1,198.1
275.0,275,1757605340.1405964,PPO,CartPole-v1,198.6
265.0,265,1757605340.244531,PPO,CartPole-v1,213.2
177.0,177,1757605340.3134198,PPO,CartPole-v1,197.1
250.0,250,1757605340.4133322,PPO,CartPole-v1,205.3
188.0,188,1757605340.4856436,PPO,CartPole-v1,195.5
235.0,235,1757605340.5747802,PPO,CartPole-v1,213.6
264.0,264,1757605340.674883,PPO,CartPole-v1,230.4
265.0,265,1757605341.654565,PPO,CartPole-v1,239.9
294.0,294,1757605341.763238,PPO,CartPole-v1,240.0
192.0,192,1757605341.835473,PPO,CartPole-v1,240.5
431.0,431,1757605341.9987748,PPO,CartPole-v1,256.1
258.0,258,1757605342.0952816,PPO,CartPole-v1,255.4
288.0,288,1757605342.201526,PPO,CartPole-v1,266.5
301.0,301,1757605342.3115451,PPO,CartPole-v1,271.6
244.0,244,1757605342.4010563,PPO,CartPole-v1,277.2
302.0,302,1757605343.3994355,PPO,CartPole-v1,283.9
362.0,362,1757605343.5412447,PPO,CartPole-v1,293.7
500.0,500,1757605343.748722,PPO,CartPole-v1,317.2
342.0,342,1757605343.8740263,PPO,CartPole-v1,322.0
465.0,465,1757605344.0443957,PPO,CartPole-v1,349.3
481.0,481,1757605345.178754,PPO,CartPole-v1,354.3
500.0,500,1757605345.373409,PPO,CartPole-v1,378.5
238.0,238,1757605345.4661298,PPO,CartPole-v1,373.5
500.0,500,1757605345.6578238,PPO,CartPole-v1,393.4
500.0,500,1757605346.8535807,PPO,CartPole-v1,419.0
390.0,390,1757605347.0099025,PPO,CartPole-v1,427.8
500.0,500,1757605347.2082973,PPO,CartPole-v1,441.6
500.0,500,1757605347.4069538,PPO,CartPole-v1,441.6
288.0,288,1757605347.5165522,PPO,CartPole-v1,436.2
500.0,500,1757605348.6397488,PPO,CartPole-v1,439.7
500.0,500,1757605348.8291364,PPO,CartPole-v1,441.6
500.0,500,1757605349.015063,PPO,CartPole-v1,441.6
500.0,500,1757605349.1862612,PPO,CartPole-v1,467.8
341.0,341,1757605350.196204,PPO,CartPole-v1,451.9
472.0,472,1757605350.3742917,PPO,CartPole-v1,449.1
500.0,500,1757605350.558283,PPO,CartPole-v1,460.1
491.0,491,1757605350.7396789,PPO,CartPole-v1,459.2
500.0,500,1757605350.915402,PPO,CartPole-v1,459.2
500.0,500,1757605352.141297,PPO,CartPole-v1,480.4
500.0,500,1757605352.333674,PPO,CartPole-v1,480.4
500.0,500,1757605352.5071175,PPO,CartPole-v1,480.4
156.0,156,1757605352.5611897,PPO,CartPole-v1,446.0
211.0,211,1757605352.6364202,PPO,CartPole-v1,417.1
500.0,500,1757605353.7638085,PPO,CartPole-v1,433.0
500.0,500,1757605353.9560542,PPO,CartPole-v1,435.8
500.0,500,1757605354.1426358,PPO,CartPole-v1,435.8
500.0,500,1757605354.3271744,PPO,CartPole-v1,436.7
500.0,500,1757605355.4695814,PPO,CartPole-v1,436.7
500.0,500,1757605355.6695,PPO,CartPole-v1,436.7
500.0,500,1757605355.872287,PPO,CartPole-v1,436.7
500.0,500,1757605356.0592906,PPO,CartPole-v1,436.7
500.0,500,1757605357.265757,PPO,CartPole-v1,471.1
500.0,500,1757605357.4533691,PPO,CartPole-v1,500.0
500.0,500,1757605357.652672,PPO,CartPole-v1,500.0
500.0,500,1757605357.849722,PPO,CartPole-v1,500.0
500.0,500,1757605359.0232415,PPO,CartPole-v1,500.0
500.0,500,1757605359.2163367,PPO,CartPole-v1,500.0
500.0,500,1757605359.3996072,PPO,CartPole-v1,500.0
500.0,500,1757605359.569487,PPO,CartPole-v1,500.0
500.0,500,1757605360.7855854,PPO,CartPole-v1,500.0
500.0,500,1757605360.974299,PPO,CartPole-v1,500.0
500.0,500,1757605361.1742542,PPO,CartPole-v1,500.0
500.0,500,1757605361.36053,PPO,CartPole-v1,500.0
500.0,500,1757605361.5352693,PPO,CartPole-v1,500.0
500.0,500,1757605362.586443,PPO,CartPole-v1,500.0
500.0,500,1757605362.7712936,PPO,CartPole-v1,500.0
500.0,500,1757605362.952515,PPO,CartPole-v1,500.0
500.0,500,1757605363.134485,PPO,CartPole-v1,500.0
500.0,500,1757605364.3406804,PPO,CartPole-v1,500.0
500.0,500,1757605364.5464258,PPO,CartPole-v1,500.0
500.0,500,1757605364.7400084,PPO,CartPole-v1,500.0
500.0,500,1757605364.9293325,PPO,CartPole-v1,500.0
500.0,500,1757605366.0835862,PPO,CartPole-v1,500.0
500.0,500,1757605366.2829633,PPO,CartPole-v1,500.0
500.0,500,1757605366.4969568,PPO,CartPole-v1,500.0
500.0,500,1757605366.7151642,PPO,CartPole-v1,500.0
500.0,500,1757605367.817093,PPO,CartPole-v1,500.0
500.0,500,1757605368.0048292,PPO,CartPole-v1,500.0
500.0,500,1757605368.191107,PPO,CartPole-v1,500.0
500.0,500,1757605368.3726916,PPO,CartPole-v1,500.0
500.0,500,1757605369.4438226,PPO,CartPole-v1,500.0
500.0,500,1757605369.636939,PPO,CartPole-v1,500.0
500.0,500,1757605369.83241,PPO,CartPole-v1,500.0
500.0,500,1757605370.0188131,PPO,CartPole-v1,500.0
